{
    "run_id": "acd9d4fc4bed4aa5b147e6186d1a1e6a",
    "task_label": "16c128g-10M-ef-80",
    "results": [
        {
            "metrics": {
                "max_load_count": 0,
                "load_duration": 0.0,
                "qps": 1480.3543,
                "serial_latency_p99": 0.0113,
                "recall": 0.9141,
                "ndcg": 0.9186,
                "conc_num_list": [
                    1,
                    5,
                    10,
                    15,
                    20,
                    25,
                    30,
                    35,
                    40,
                    45,
                    50,
                    55,
                    60,
                    65,
                    70,
                    75,
                    80,
                    85,
                    90,
                    95,
                    100
                ],
                "conc_qps_list": [
                    75.0226,
                    650.8142,
                    1066.1904,
                    1219.8744,
                    1308.4058,
                    1356.8768,
                    1357.4405,
                    1403.4376,
                    1427.6706,
                    1424.7743,
                    1449.8818,
                    1473.2276,
                    1478.7875,
                    1478.9218,
                    1469.6572,
                    1480.3543,
                    1480.1955,
                    1467.6467,
                    1400.9619,
                    1466.4815,
                    1471.0003
                ],
                "conc_latency_p99_list": [
                    0.011375189467798918,
                    0.011968024690868296,
                    0.015690822608303293,
                    0.024529986181296405,
                    0.03102685156743976,
                    0.038008311765152014,
                    0.048806365272030236,
                    0.0515986449655611,
                    0.05793079806724566,
                    0.06316735617234372,
                    0.07077607657935016,
                    0.07505763438763097,
                    0.08289914023480355,
                    0.08890306615037843,
                    0.09737119362514945,
                    0.10086738070764115,
                    0.10677084947004913,
                    0.11065561047871597,
                    0.12141846654471,
                    0.12508551478851587,
                    0.12851573776803
                ],
                "conc_latency_avg_list": [
                    0.013326704408756244,
                    0.007679451625091604,
                    0.009373342167249573,
                    0.012288696303886829,
                    0.015259503898568389,
                    0.01838351021741732,
                    0.022042523047876846,
                    0.024867823100300352,
                    0.02792771381023923,
                    0.03147703296352772,
                    0.03434998896162151,
                    0.03719359510405724,
                    0.04038401298330005,
                    0.04378530705634372,
                    0.04735968942879583,
                    0.05040025309762077,
                    0.05369678790224327,
                    0.057527602289184375,
                    0.0638424375010193,
                    0.0643520510732482,
                    0.06761253799978308
                ]
            },
            "task_config": {
                "db": "OpenSearch",
                "db_config": {
                    "db_label": "16c128g-10M-ef-80",
                    "version": "2.13",
                    "note": "",
                    "host": "vpc-tianmin-test-aotn2gd2o7hrrtqeoikxyo2rgq.us-west-2.es.amazonaws.com",
                    "port": 443,
                    "user": "admin",
                    "password": "**********"
                },
                "db_case_config": {
                    "metric_type": "COSINE",
                    "engine": "nmslib",
                    "efConstruction": 256,
                    "efSearch": 256,
                    "M": 16
                },
                "case_config": {
                    "case_id": 4,
                    "custom_case": {},
                    "k": 100,
                    "concurrency_search_config": {
                        "num_concurrency": [
                            1,
                            5,
                            10,
                            15,
                            20,
                            25,
                            30,
                            35,
                            40,
                            45,
                            50,
                            55,
                            60,
                            65,
                            70,
                            75,
                            80,
                            85,
                            90,
                            95,
                            100
                        ],
                        "concurrency_duration": 30
                    }
                },
                "stages": [
                    "drop_old",
                    "load",
                    "search_serial",
                    "search_concurrent"
                ]
            },
            "label": ":)"
        }
    ],
    "file_fmt": "result_{}_{}_{}.json",
    "timestamp": 1733616000.0
}