{
    "run_id": "452510d3362c487c813f05055112ccb9",
    "task_label": "16c128g-10M-ef-70",
    "results": [
        {
            "metrics": {
                "max_load_count": 0,
                "load_duration": 0.0,
                "qps": 1549.2208,
                "serial_latency_p99": 0.0106,
                "recall": 0.903,
                "ndcg": 0.9083,
                "conc_num_list": [
                    1,
                    5,
                    10,
                    15,
                    20,
                    25,
                    30,
                    35,
                    40,
                    45,
                    50,
                    55,
                    60,
                    65,
                    70,
                    75,
                    80,
                    85,
                    90,
                    95,
                    100
                ],
                "conc_qps_list": [
                    141.7355,
                    645.3072,
                    1077.5554,
                    1246.5635,
                    1340.4972,
                    1357.9652,
                    1422.8158,
                    1469.28,
                    1479.9596,
                    1487.8842,
                    1517.3114,
                    1482.4618,
                    1417.9949,
                    1530.8673,
                    1449.9642,
                    1543.5691,
                    1529.0058,
                    1480.5937,
                    1527.7224,
                    1549.2208,
                    1543.8296
                ],
                "conc_latency_p99_list": [
                    0.01080922176595775,
                    0.013002863113069908,
                    0.01675622995477166,
                    0.024843843771377574,
                    0.029730142657645054,
                    0.03865151653997608,
                    0.04384237516787831,
                    0.04974804187542755,
                    0.0565450831898487,
                    0.06400691441202067,
                    0.07015564478060694,
                    0.07913172802655027,
                    0.08815782194258645,
                    0.08967754203767993,
                    0.10277451614849269,
                    0.09735069237765856,
                    0.10889740715560038,
                    0.10918463948182772,
                    0.1162927143543493,
                    0.11965640270966117,
                    0.12374821274715941
                ],
                "conc_latency_avg_list": [
                    0.00705302223935351,
                    0.007744277690450667,
                    0.009274696857215929,
                    0.012027018909785015,
                    0.014894747831936646,
                    0.018359320185630145,
                    0.02102348889541342,
                    0.023753137722933155,
                    0.02692380446735238,
                    0.03013979345471519,
                    0.03282188433181958,
                    0.036954514164420575,
                    0.0421262348691617,
                    0.04223175706471019,
                    0.048009388647000925,
                    0.04833992775522197,
                    0.052128268023824545,
                    0.057203647350212244,
                    0.058594798626138,
                    0.060854689047599206,
                    0.06431405397594459
                ]
            },
            "task_config": {
                "db": "OpenSearch",
                "db_config": {
                    "db_label": "16c128g-10M-ef-70",
                    "version": "2.13",
                    "note": "",
                    "host": "vpc-tianmin-test-aotn2gd2o7hrrtqeoikxyo2rgq.us-west-2.es.amazonaws.com",
                    "port": 443,
                    "user": "admin",
                    "password": "**********"
                },
                "db_case_config": {
                    "metric_type": "COSINE",
                    "engine": "nmslib",
                    "efConstruction": 256,
                    "efSearch": 256,
                    "M": 16
                },
                "case_config": {
                    "case_id": 4,
                    "custom_case": {},
                    "k": 100,
                    "concurrency_search_config": {
                        "num_concurrency": [
                            1,
                            5,
                            10,
                            15,
                            20,
                            25,
                            30,
                            35,
                            40,
                            45,
                            50,
                            55,
                            60,
                            65,
                            70,
                            75,
                            80,
                            85,
                            90,
                            95,
                            100
                        ],
                        "concurrency_duration": 30
                    }
                },
                "stages": [
                    "drop_old",
                    "load",
                    "search_serial",
                    "search_concurrent"
                ]
            },
            "label": ":)"
        }
    ],
    "file_fmt": "result_{}_{}_{}.json",
    "timestamp": 1733616000.0
}