{
    "run_id": "c0e9b83ca2a7479dbc7e5fb58905c778",
    "task_label": "2024120607",
    "results": [
        {
            "metrics": {
                "max_load_count": 0,
                "load_duration": 5649.1853,
                "qps": 1570.5208,
                "serial_latency_p99": 0.0074,
                "recall": 0.3158,
                "ndcg": 0.3943,
                "conc_num_list": [
                    1,
                    5,
                    10,
                    15,
                    20,
                    25,
                    30,
                    35,
                    40,
                    45,
                    50,
                    55,
                    60,
                    65,
                    70,
                    75,
                    80,
                    85,
                    90,
                    95,
                    100
                ],
                "conc_qps_list": [
                    144.8615,
                    704.2046,
                    1137.1821,
                    1284.2128,
                    1358.071,
                    1425.7592,
                    1461.0395,
                    1475.708,
                    1491.7429,
                    1520.3937,
                    1517.0372,
                    1533.4818,
                    1547.0148,
                    1543.0464,
                    1570.5208,
                    1550.2975,
                    1550.4746,
                    1557.1397,
                    1546.2455,
                    1560.7664,
                    1412.9505
                ],
                "conc_latency_p99_list": [
                    0.007859587277052923,
                    0.008621753358747809,
                    0.013528160807036317,
                    0.023808800366241466,
                    0.031110284366877766,
                    0.03676093086338368,
                    0.042661882207612446,
                    0.05105111964425305,
                    0.05720920926833061,
                    0.06231243016198272,
                    0.07363331033877317,
                    0.0774628168705385,
                    0.08365642539458348,
                    0.08875306324189297,
                    0.09426094210939481,
                    0.09648407554428545,
                    0.10351886708813253,
                    0.10847304384660676,
                    0.11587683449033648,
                    0.11850134849722951,
                    0.12356177604058768
                ],
                "conc_latency_avg_list": [
                    0.006900879379553028,
                    0.0070968794859046355,
                    0.008788026290990769,
                    0.011674008226341568,
                    0.014703738296373538,
                    0.017489918852000384,
                    0.020480697686215656,
                    0.023648423729948548,
                    0.026728800032469302,
                    0.02950053999485565,
                    0.03284872557288846,
                    0.03571628468104602,
                    0.03862233321644273,
                    0.041909318624756636,
                    0.04434482141375962,
                    0.048113679137650855,
                    0.05128075935701691,
                    0.05426431291058674,
                    0.05777836159453807,
                    0.060329127475292024,
                    0.07032060528343731
                ]
            },
            "task_config": {
                "db": "OpenSearch",
                "db_config": {
                    "db_label": "16c128g",
                    "version": "2.13",
                    "note": "",
                    "host": "vpc-tianmin-test-aotn2gd2o7hrrtqeoikxyo2rgq.us-west-2.es.amazonaws.com",
                    "port": 443,
                    "user": "admin",
                    "password": "**********"
                },
                "db_case_config": {
                    "metric_type": "COSINE",
                    "engine": "faiss",
                    "efConstruction": 256,
                    "efSearch": 256,
                    "M": 16
                },
                "case_config": {
                    "case_id": 5,
                    "custom_case": {},
                    "k": 100,
                    "concurrency_search_config": {
                        "num_concurrency": [
                            1,
                            5,
                            10,
                            15,
                            20,
                            25,
                            30,
                            35,
                            40,
                            45,
                            50,
                            55,
                            60,
                            65,
                            70,
                            75,
                            80,
                            85,
                            90,
                            95,
                            100
                        ],
                        "concurrency_duration": 30
                    }
                },
                "stages": [
                    "drop_old",
                    "load",
                    "search_serial",
                    "search_concurrent"
                ]
            },
            "label": ":)"
        }
    ],
    "file_fmt": "result_{}_{}_{}.json",
    "timestamp": 1733443200.0
}