{
    "run_id": "03de5821d4e7417f9e4098892aae1d53",
    "task_label": "16c128g-10M-ef-150",
    "results": [
        {
            "metrics": {
                "max_load_count": 0,
                "load_duration": 0.0,
                "qps": 1139.8322,
                "serial_latency_p99": 0.0129,
                "recall": 0.9512,
                "ndcg": 0.9529,
                "conc_num_list": [
                    1,
                    5,
                    10,
                    15,
                    20,
                    25,
                    30,
                    35,
                    40,
                    45,
                    50,
                    55,
                    60,
                    65,
                    70,
                    75,
                    80,
                    85,
                    90,
                    95,
                    100
                ],
                "conc_qps_list": [
                    127.6091,
                    594.2147,
                    904.6701,
                    994.7291,
                    1055.0122,
                    1079.5221,
                    1092.4382,
                    1106.7204,
                    1121.6842,
                    1107.8389,
                    1128.8135,
                    1136.5641,
                    1137.5134,
                    1139.8322,
                    1133.4011,
                    1074.3871,
                    1131.3927,
                    1127.2446,
                    1132.6321,
                    1102.7289,
                    1127.8702
                ],
                "conc_latency_p99_list": [
                    0.012359101949259637,
                    0.012531003913027229,
                    0.01889018256973942,
                    0.02841625420842323,
                    0.03491357999155298,
                    0.04201719029573722,
                    0.05130473659955894,
                    0.057427360768197086,
                    0.0661445963254663,
                    0.07998270524840312,
                    0.0826772906491533,
                    0.08682724240934482,
                    0.09569560230942421,
                    0.09885250192543023,
                    0.10788239913759745,
                    0.12210125758545474,
                    0.12457161680213166,
                    0.13343591458164153,
                    0.13853061274625356,
                    0.13820798599394046,
                    0.16688883145689026
                ],
                "conc_latency_avg_list": [
                    0.00783404812419429,
                    0.00841136531655645,
                    0.011047053136013858,
                    0.015070043417719023,
                    0.018930794047672294,
                    0.023116076007853988,
                    0.027379440939443354,
                    0.03153803597537941,
                    0.035560200372994274,
                    0.040488311952815007,
                    0.044145993761265365,
                    0.04817580836492317,
                    0.05258165085995715,
                    0.05680312043957604,
                    0.061441546739265905,
                    0.06942541526334474,
                    0.07036509995357298,
                    0.07497053645243261,
                    0.07904016075403836,
                    0.08566133500059121,
                    0.08796231378263092
                ]
            },
            "task_config": {
                "db": "OpenSearch",
                "db_config": {
                    "db_label": "16c128g-10M-ef-150",
                    "version": "2.13",
                    "note": "",
                    "host": "vpc-tianmin-test-aotn2gd2o7hrrtqeoikxyo2rgq.us-west-2.es.amazonaws.com",
                    "port": 443,
                    "user": "admin",
                    "password": "**********"
                },
                "db_case_config": {
                    "metric_type": "COSINE",
                    "engine": "nmslib",
                    "efConstruction": 256,
                    "efSearch": 256,
                    "M": 16
                },
                "case_config": {
                    "case_id": 4,
                    "custom_case": {},
                    "k": 100,
                    "concurrency_search_config": {
                        "num_concurrency": [
                            1,
                            5,
                            10,
                            15,
                            20,
                            25,
                            30,
                            35,
                            40,
                            45,
                            50,
                            55,
                            60,
                            65,
                            70,
                            75,
                            80,
                            85,
                            90,
                            95,
                            100
                        ],
                        "concurrency_duration": 30
                    }
                },
                "stages": [
                    "drop_old",
                    "load",
                    "search_serial",
                    "search_concurrent"
                ]
            },
            "label": ":)"
        }
    ],
    "file_fmt": "result_{}_{}_{}.json",
    "timestamp": 1733616000.0
}