{
    "run_id": "6a5b51a7c2184831acf64cfc92474246",
    "task_label": "ef-150",
    "results": [
        {
            "metrics": {
                "max_load_count": 0,
                "insert_duration": 0.0,
                "optimize_duration": 0.0,
                "load_duration": 0.0,
                "qps": 287.8124,
                "serial_latency_p99": 0.009,
                "serial_latency_p95": 0.0078,
                "recall": 0.9715,
                "ndcg": 0.9698,
                "conc_num_list": [
                    1,
                    5,
                    10,
                    20,
                    30,
                    40,
                    60,
                    80
                ],
                "conc_qps_list": [
                    138.9103,
                    231.9223,
                    249.827,
                    268.5488,
                    278.6872,
                    282.5503,
                    281.6397,
                    287.8124
                ],
                "conc_latency_p99_list": [
                    0.008976154637639426,
                    0.03123727740021421,
                    0.06389111109834632,
                    0.10425041285372572,
                    0.14442114754230706,
                    0.1851347691984847,
                    0.28740991657134124,
                    0.3878280344986702
                ],
                "conc_latency_p95_list": [
                    0.008205694254138507,
                    0.025618778978241608,
                    0.05549979979987256,
                    0.09496796424791683,
                    0.13226243789249564,
                    0.17219807280343957,
                    0.26468470059917304,
                    0.34689359449112095
                ],
                "conc_latency_avg_list": [
                    0.0071959373750663845,
                    0.021551167222354534,
                    0.04000774640950027,
                    0.07443004901400312,
                    0.10749103259163237,
                    0.14136556337065934,
                    0.21254973492994927,
                    0.27725400049086757
                ],
                "st_ideal_insert_duration": 0,
                "st_search_stage_list": [],
                "st_search_time_list": [],
                "st_max_qps_list_list": [],
                "st_recall_list": [],
                "st_ndcg_list": [],
                "st_serial_latency_p99_list": [],
                "st_serial_latency_p95_list": [],
                "st_conc_failed_rate_list": []
            },
            "task_config": {
                "db": "Milvus",
                "db_config": {
                    "db_label": "aliyun",
                    "version": "",
                    "note": "",
                    "uri": "**********",
                    "user": "root",
                    "password": "**********",
                    "num_shards": 1,
                    "replica_number": 1
                },
                "db_case_config": {
                    "index": "HNSW",
                    "metric_type": "COSINE",
                    "use_partition_key": false,
                    "M": 16,
                    "efConstruction": 256,
                    "ef": 150
                },
                "case_config": {
                    "case_id": 4,
                    "custom_case": null,
                    "k": 100,
                    "concurrency_search_config": {
                        "num_concurrency": [
                            1,
                            5,
                            10,
                            20,
                            30,
                            40,
                            60,
                            80
                        ],
                        "concurrency_duration": 120,
                        "concurrency_timeout": 3600
                    }
                },
                "stages": [
                    "drop_old",
                    "load",
                    "search_serial",
                    "search_concurrent"
                ]
            },
            "label": ":)"
        }
    ],
    "file_fmt": "result_{}_{}_{}.json",
    "timestamp": 1763913600.0
}